{
    "_id": {
      "$oid": "669d6971935a7e65e1cdfa2d"
    },
    "mjop": {},
    "generalInfo": {
      "projectNumber": "546456",
      "projectName": "54565",
      "address": "",
      "contactPerson": "",
      "inspectionDate": "",
      "propertyImage": null,
      "opdrachtgeverNaam": "",
      "opdrachtgeverAdres": "",
      "opdrachtgeverPostcode": "",
      "opdrachtgeverPlaats": "",
      "opdrachtgeverTelefoon": "",
      "opdrachtgeverEmail": "",
      "inspecteur": "",
      "inspectiedatum": "",
      "opmerkingen": ""
    },
    "cashInfo": {
      "currentCash": "5646554",
      "monthlyContribution": "656456",
      "reserveDate": "2024-07-16T22:00:00.000Z",
      "totalWorth": "56456"
    },
    "globalElements": [
      {
        "id": "4b2be8ff-dbbe-4ec7-9a97-c2b7afbbc4ff",
        "name": "buitenwandopeningen",
        "description": "Openingen in buitenwanden zoals ramen en deuren moeten jaarlijks worden geïnspecteerd om te controleren op lekkages, slijtage van afdichtingen en algemene integriteit.",
        "interval": 12,
        "spaceId": "795ca7bd-e539-4215-b521-531381e48bb8",
        "type": "gevuld met puien algemeen",
        "material": "hout",
        "customMaterial": "",
        "photos": [],
        "documents": [],
        "gebreken": {
          "ernstig": [
            "Afdichting, manco",
            "Lekkage ",
            "Kieren kouval",
            "Verankering, manco",
            "Houtrot",
            "Materiaaltoepassing foutief",
            "Condens"
          ],
          "serieus": [
            "Deformatie, scheefstand",
            "Ontbrekende (onder-)delen",
            "Openstaande verbindingen",
            "Stijfheid stabiliteit onvoldoende",
            "Beschadiging",
            "Hang & sluitwerk, manco",
            "Omtrekspeling onvoldoende"
          ],
          "gering": [
            "Aangroei mos, algen",
            "Vuil, aanslag, verkleuring",
            "Bevestiging secundair, manco",
            "Subelementen manco"
          ]
        },
        "inspectionReport": [
          {
            "id": "",
            "description": "",
            "inspectionDone": false,
            "inspectionDate": null,
            "tasks": []
          }
        ]
      }
    ],
    "globalSpaces": [
      {
        "id": "795ca7bd-e539-4215-b521-531381e48bb8",
        "name": "Gangen",
        "description": "De gangen die verschillende ruimtes in het gebouw met elkaar verbinden.",
        "photos": [],
        "documents": []
      }
    ],
    "globalDocuments": [],
    "inspectionReports": [],
    "createdAt": {
      "$date": "2024-07-21T20:02:57.373Z"
    },
    "createdBy": {
      "$oid": "66742cf83811e30b0f2d10c4"
    }
  }